scenario,seed,rounds,event_count,successful_payments,delivered_volume,private_delivered_volume,abstract_signal_units,hive_count,largest_hive_size,connector_count,connector_capital,external_income,ending_liquid_wealth,ending_network_capacity,ending_imbalance,observer_sampled_events,observer_linkable_events,observer_alert_count,observer_hive_edge_recall,accounting_error,success_rate,private_flow_share
ordinary_commerce,0,120,714,697,2612000,0,0,0,0,0,0,697271,1497271,2234898,0.38070505329096826,255,203,27,0.0,0,0.9761904761904762,0.0
private_unicast,0,120,675,596,2165277,1973277,334,1,16,0,0,765727,1565727,2234898,0.4544411333290883,238,67,5,0.21739130434782608,0,0.882962962962963,0.9113277423627555
hive_reinvestment,0,120,696,650,2460906,2257906,354,1,16,4,80000,918463,1638463,2314898,0.4392805201039378,249,72,5,0.2,0,0.9339080459770115,0.9175100552398182
ordinary_commerce,1,120,655,642,2480000,0,0,0,0,0,0,681299,1481299,2041086,0.2292061378768077,227,182,26,0.0,0,0.9801526717557252,0.0
private_unicast,1,120,657,613,2348825,2096025,294,1,16,0,0,688155,1488155,2041086,0.5408670953052575,228,75,6,0.23076923076923078,0,0.9330289193302892,0.8923717177737805
hive_reinvestment,1,120,657,625,2446211,2187211,299,1,16,4,80000,864888,1584888,2121086,0.5051570022647035,228,76,8,0.3076923076923077,0,0.9512937595129376,0.8941219706721947
ordinary_commerce,2,120,644,625,2459000,0,0,0,0,0,0,761508,1561508,1754692,0.4307198984871174,221,184,19,0.0,0,0.9704968944099379,0.0
private_unicast,2,120,645,611,2273000,2067000,315,1,16,0,0,720782,1520782,1754692,0.4256667053818775,221,80,11,0.37037037037037035,0,0.9472868217054263,0.9093708754949406
hive_reinvestment,2,120,645,621,2293000,2087000,323,1,16,4,80000,909261,1629261,1834692,0.47488457637621095,221,80,12,0.3870967741935484,0,0.9627906976744186,0.910161360662887
ordinary_commerce,3,120,682,653,2536085,0,0,0,0,0,0,732963,1532963,2015776,0.3372985005641799,237,185,21,0.0,0,0.9574780058651027,0.0
private_unicast,3,120,666,648,2569000,2417000,371,1,16,0,0,737629,1537629,2015776,0.3328320864977964,231,71,10,0.36,0,0.972972972972973,0.9408330089529
hive_reinvestment,3,120,666,641,2506000,2362000,367,1,16,4,80000,927304,1647304,2095776,0.27743716808454805,231,71,10,0.36,0,0.9624624624624625,0.942537909018356
ordinary_commerce,4,120,716,694,2795711,0,0,0,0,0,0,767481,1567481,1933856,0.3450509791966676,246,186,20,0.0,0,0.9692737430167597,0.0
private_unicast,4,120,680,652,2539556,2356556,327,1,16,0,0,760147,1560147,1933856,0.48333737334377674,231,55,5,0.19230769230769232,0,0.9588235294117647,0.927940159618453
hive_reinvestment,4,120,680,662,2606000,2423000,334,1,16,4,80000,963029,1683029,2013856,0.4558133482798607,231,55,2,0.08,0,0.9735294117647059,0.929777436684574
ordinary_commerce,5,120,638,625,2414984,0,0,0,0,0,0,677922,1477922,2175859,0.289224106577228,236,184,26,0.0,0,0.9796238244514106,0.0
private_unicast,5,120,636,615,2403000,2208000,343,1,16,0,0,690589,1490589,2175859,0.3133278454987318,235,79,8,0.2962962962962963,0,0.9669811320754716,0.9188514357053683
hive_reinvestment,5,120,636,610,2370000,2172000,330,1,16,4,80000,869569,1589569,2255859,0.3946160803684083,235,79,9,0.2962962962962963,0,0.9591194968553459,0.9164556962025316
ordinary_commerce,6,120,707,672,2486862,0,0,0,0,0,0,743924,1543924,2118464,0.39819979457065957,246,196,28,0.0,0,0.9504950495049505,0.0
private_unicast,6,120,659,650,2496993,2290993,333,1,16,0,0,780715,1580715,2118464,0.38612866397324636,229,67,7,0.25,0,0.9863429438543247,0.9175007699260671
hive_reinvestment,6,120,665,643,2429644,2229644,323,1,16,4,80000,1006904,1726904,2198464,0.38771445968786067,230,71,6,0.19230769230769232,0,0.9669172932330827,0.9176834137017604
ordinary_commerce,7,120,723,712,2741000,0,0,0,0,0,0,605630,1405630,2107096,0.3769273974218405,253,203,28,0.0,0,0.9847856154910097,0.0
private_unicast,7,120,682,647,2389220,2158220,345,1,16,0,0,693988,1493988,2107096,0.501700958520355,232,69,9,0.34615384615384615,0,0.9486803519061584,0.9033157264714007
hive_reinvestment,7,120,680,653,2419181,2188234,339,1,16,4,80000,856472,1576472,2187096,0.45930311574511085,230,71,7,0.28,0,0.9602941176470589,0.9045350471915908
ordinary_commerce,8,120,612,588,2238000,0,0,0,0,0,0,694229,1494229,2109350,0.26403007597503075,217,173,17,0.0,0,0.9607843137254902,0.0
private_unicast,8,120,675,652,2477000,2199000,346,1,16,0,0,653251,1453251,2109350,0.3230350140395775,238,73,9,0.34615384615384615,0,0.965925925925926,0.8877674606378684
hive_reinvestment,8,120,675,660,2529000,2235000,348,1,16,4,80000,824760,1544760,2189350,0.3380915211724177,238,73,8,0.3076923076923077,0,0.9777777777777777,0.8837485172004745
ordinary_commerce,9,120,677,655,2559000,0,0,0,0,0,0,660273,1460273,2037275,0.2452719519200811,232,189,26,0.0,0,0.9675036927621861,0.0
private_unicast,9,120,659,611,2327000,2094000,301,1,16,0,0,675047,1475047,2037275,0.4038763074916085,226,80,6,0.24,0,0.9271623672230652,0.8998710786420283
hive_reinvestment,9,120,659,628,2430000,2197000,311,1,16,4,80000,847419,1567419,2117275,0.4336933701857272,226,80,8,0.2962962962962963,0,0.952959028831563,0.9041152263374486
ordinary_commerce,10,120,628,615,2444000,0,0,0,0,0,0,733021,1533021,2039450,0.25604493493261155,228,180,21,0.0,0,0.9792993630573248,0.0
private_unicast,10,120,644,595,2160000,1964000,320,1,16,0,0,802626,1602626,2039450,0.42893321307462656,231,66,4,0.16666666666666666,0,0.9239130434782609,0.9092592592592592
hive_reinvestment,10,120,644,606,2235000,2028000,324,1,16,4,80000,969627,1689627,2119450,0.4925791179020112,231,66,4,0.16666666666666666,0,0.9409937888198758,0.9073825503355705
ordinary_commerce,11,120,662,649,2505745,0,0,0,0,0,0,679303,1479303,2144547,0.3125406401556982,234,194,25,0.0,0,0.9803625377643505,0.0
private_unicast,11,120,674,620,2434541,2249541,305,1,16,0,0,677525,1477525,2144547,0.4223104902146638,236,91,9,0.2857142857142857,0,0.9198813056379822,0.9240103165237308
hive_reinvestment,11,120,674,647,2628951,2448951,327,1,16,4,80000,859357,1579357,2224547,0.48053036142955285,236,91,10,0.34615384615384615,0,0.9599406528189911,0.9315316261124684
