design,seed,enabled_tropes,success_rate,private_flow_share,largest_hive_size,hive_count,connector_count,connector_capital,external_income,ending_imbalance,observer_alert_count,observer_hive_edge_recall,accounting_error
ordinary,0,partial_observer,0.9761904761904762,0.0,0,0,0,0,697271,0.38070505329096826,27,0.0,0
ordinary,1,partial_observer,0.9801526717557252,0.0,0,0,0,0,681299,0.2292061378768077,26,0.0,0
ordinary,2,partial_observer,0.9704968944099379,0.0,0,0,0,0,761508,0.4307198984871174,19,0.0,0
ordinary,3,partial_observer,0.9574780058651027,0.0,0,0,0,0,732963,0.3372985005641799,21,0.0,0
ordinary,4,partial_observer,0.9692737430167597,0.0,0,0,0,0,767481,0.3450509791966676,20,0.0,0
ordinary,5,partial_observer,0.9796238244514106,0.0,0,0,0,0,677922,0.289224106577228,26,0.0,0
ordinary,6,partial_observer,0.9504950495049505,0.0,0,0,0,0,743924,0.39819979457065957,28,0.0,0
ordinary,7,partial_observer,0.9847856154910097,0.0,0,0,0,0,605630,0.3769273974218405,28,0.0,0
ordinary,8,partial_observer,0.9607843137254902,0.0,0,0,0,0,694229,0.26403007597503075,17,0.0,0
ordinary,9,partial_observer,0.9675036927621861,0.0,0,0,0,0,660273,0.2452719519200811,26,0.0,0
ordinary,10,partial_observer,0.9792993630573248,0.0,0,0,0,0,733021,0.25604493493261155,21,0.0,0
ordinary,11,partial_observer,0.9803625377643505,0.0,0,0,0,0,679303,0.3125406401556982,25,0.0,0
relationships_only,0,private_relationships;partial_observer,0.9761904761904762,0.8690658499234303,16,1,0,0,697271,0.38070505329096826,3,0.025,0
relationships_only,1,private_relationships;partial_observer,0.9801526717557252,0.8620967741935484,16,1,0,0,681299,0.2292061378768077,2,0.014492753623188406,0
relationships_only,2,private_relationships;partial_observer,0.9704968944099379,0.8914192761285076,16,1,0,0,761508,0.4307198984871174,2,0.014084507042253521,0
relationships_only,3,private_relationships;partial_observer,0.9574780058651027,0.8939309999467684,16,1,0,0,732963,0.3372985005641799,3,0.045454545454545456,0
relationships_only,4,private_relationships;partial_observer,0.9692737430167597,0.9027081125338062,16,1,0,0,767481,0.3450509791966676,3,0.02531645569620253,0
relationships_only,5,private_relationships;partial_observer,0.9796238244514106,0.8782600630066286,16,1,0,0,677922,0.289224106577228,3,0.04411764705882353,0
relationships_only,6,private_relationships;partial_observer,0.9504950495049505,0.8399589522860537,16,1,0,0,743924,0.39819979457065957,3,0.014285714285714285,0
relationships_only,7,private_relationships;partial_observer,0.9847856154910097,0.8544326887997081,16,1,0,0,605630,0.3769273974218405,5,0.04878048780487805,0
relationships_only,8,private_relationships;partial_observer,0.9607843137254902,0.8337801608579088,16,1,0,0,694229,0.26403007597503075,3,0.01639344262295082,0
relationships_only,9,private_relationships;partial_observer,0.9675036927621861,0.8683079327862446,16,1,0,0,660273,0.2452719519200811,3,0.024691358024691357,0
relationships_only,10,private_relationships;partial_observer,0.9792993630573248,0.8449263502454992,16,1,0,0,733021,0.25604493493261155,4,0.057971014492753624,0
relationships_only,11,private_relationships;partial_observer,0.9803625377643505,0.9309586570061997,16,1,0,0,679303,0.3125406401556982,3,0.0379746835443038,0
repeat_and_trust,0,private_relationships;repeat_counterparties;partial_observer,0.882962962962963,0.9113277423627555,16,1,0,0,765727,0.4544411333290883,5,0.21739130434782608,0
repeat_and_trust,1,private_relationships;repeat_counterparties;partial_observer,0.9330289193302892,0.8923717177737805,16,1,0,0,688155,0.5408670953052575,6,0.23076923076923078,0
repeat_and_trust,2,private_relationships;repeat_counterparties;partial_observer,0.9472868217054263,0.9093708754949406,16,1,0,0,720782,0.4256667053818775,11,0.37037037037037035,0
repeat_and_trust,3,private_relationships;repeat_counterparties;partial_observer,0.972972972972973,0.9408330089529,16,1,0,0,737629,0.3328320864977964,10,0.36,0
repeat_and_trust,4,private_relationships;repeat_counterparties;partial_observer,0.9588235294117647,0.927940159618453,16,1,0,0,760147,0.48333737334377674,5,0.19230769230769232,0
repeat_and_trust,5,private_relationships;repeat_counterparties;partial_observer,0.9669811320754716,0.9188514357053683,16,1,0,0,690589,0.3133278454987318,8,0.2962962962962963,0
repeat_and_trust,6,private_relationships;repeat_counterparties;partial_observer,0.9863429438543247,0.9175007699260671,16,1,0,0,780715,0.38612866397324636,7,0.25,0
repeat_and_trust,7,private_relationships;repeat_counterparties;partial_observer,0.9486803519061584,0.9033157264714007,16,1,0,0,693988,0.501700958520355,9,0.34615384615384615,0
repeat_and_trust,8,private_relationships;repeat_counterparties;partial_observer,0.965925925925926,0.8877674606378684,16,1,0,0,653251,0.3230350140395775,9,0.34615384615384615,0
repeat_and_trust,9,private_relationships;repeat_counterparties;partial_observer,0.9271623672230652,0.8998710786420283,16,1,0,0,675047,0.4038763074916085,6,0.24,0
repeat_and_trust,10,private_relationships;repeat_counterparties;partial_observer,0.9239130434782609,0.9092592592592592,16,1,0,0,802626,0.42893321307462656,4,0.16666666666666666,0
repeat_and_trust,11,private_relationships;repeat_counterparties;partial_observer,0.9198813056379822,0.9240103165237308,16,1,0,0,677525,0.4223104902146638,9,0.2857142857142857,0
abstract_signaling,0,private_relationships;repeat_counterparties;abstract_signaling;partial_observer,0.882962962962963,0.9113277423627555,16,1,0,0,765727,0.4544411333290883,5,0.21739130434782608,0
abstract_signaling,1,private_relationships;repeat_counterparties;abstract_signaling;partial_observer,0.9330289193302892,0.8923717177737805,16,1,0,0,688155,0.5408670953052575,6,0.23076923076923078,0
abstract_signaling,2,private_relationships;repeat_counterparties;abstract_signaling;partial_observer,0.9472868217054263,0.9093708754949406,16,1,0,0,720782,0.4256667053818775,11,0.37037037037037035,0
abstract_signaling,3,private_relationships;repeat_counterparties;abstract_signaling;partial_observer,0.972972972972973,0.9408330089529,16,1,0,0,737629,0.3328320864977964,10,0.36,0
abstract_signaling,4,private_relationships;repeat_counterparties;abstract_signaling;partial_observer,0.9588235294117647,0.927940159618453,16,1,0,0,760147,0.48333737334377674,5,0.19230769230769232,0
abstract_signaling,5,private_relationships;repeat_counterparties;abstract_signaling;partial_observer,0.9669811320754716,0.9188514357053683,16,1,0,0,690589,0.3133278454987318,8,0.2962962962962963,0
abstract_signaling,6,private_relationships;repeat_counterparties;abstract_signaling;partial_observer,0.9863429438543247,0.9175007699260671,16,1,0,0,780715,0.38612866397324636,7,0.25,0
abstract_signaling,7,private_relationships;repeat_counterparties;abstract_signaling;partial_observer,0.9486803519061584,0.9033157264714007,16,1,0,0,693988,0.501700958520355,9,0.34615384615384615,0
abstract_signaling,8,private_relationships;repeat_counterparties;abstract_signaling;partial_observer,0.965925925925926,0.8877674606378684,16,1,0,0,653251,0.3230350140395775,9,0.34615384615384615,0
abstract_signaling,9,private_relationships;repeat_counterparties;abstract_signaling;partial_observer,0.9271623672230652,0.8998710786420283,16,1,0,0,675047,0.4038763074916085,6,0.24,0
abstract_signaling,10,private_relationships;repeat_counterparties;abstract_signaling;partial_observer,0.9239130434782609,0.9092592592592592,16,1,0,0,802626,0.42893321307462656,4,0.16666666666666666,0
abstract_signaling,11,private_relationships;repeat_counterparties;abstract_signaling;partial_observer,0.9198813056379822,0.9240103165237308,16,1,0,0,677525,0.4223104902146638,9,0.2857142857142857,0
coordination_bonus,0,private_relationships;repeat_counterparties;abstract_signaling;coordination_bonus;partial_observer,0.917037037037037,0.9129677980852916,16,1,0,0,960770,0.412516188209468,6,0.18518518518518517,0
coordination_bonus,1,private_relationships;repeat_counterparties;abstract_signaling;coordination_bonus;partial_observer,0.923896499238965,0.8955867578542315,16,1,0,0,864888,0.5640188597175106,7,0.24,0
coordination_bonus,2,private_relationships;repeat_counterparties;abstract_signaling;coordination_bonus;partial_observer,0.9472868217054263,0.9093708754949406,16,1,0,0,909261,0.4256667053818775,11,0.37037037037037035,0
coordination_bonus,3,private_relationships;repeat_counterparties;abstract_signaling;coordination_bonus;partial_observer,0.972972972972973,0.9408330089529,16,1,0,0,934551,0.3328320864977964,10,0.36,0
coordination_bonus,4,private_relationships;repeat_counterparties;abstract_signaling;coordination_bonus;partial_observer,0.9588235294117647,0.9279527559055119,16,1,0,0,962877,0.4844281020534048,5,0.19230769230769232,0
coordination_bonus,5,private_relationships;repeat_counterparties;abstract_signaling;coordination_bonus;partial_observer,0.9669811320754716,0.9188514357053683,16,1,0,0,869569,0.3133278454987318,8,0.2962962962962963,0
coordination_bonus,6,private_relationships;repeat_counterparties;abstract_signaling;coordination_bonus;partial_observer,0.9802731411229135,0.9200637229392489,16,1,0,0,981554,0.3758777730324907,7,0.25,0
coordination_bonus,7,private_relationships;repeat_counterparties;abstract_signaling;coordination_bonus;partial_observer,0.9516129032258065,0.9041931068806769,16,1,0,0,885761,0.4965187299969299,8,0.3076923076923077,0
coordination_bonus,8,private_relationships;repeat_counterparties;abstract_signaling;coordination_bonus;partial_observer,0.965925925925926,0.8877674606378684,16,1,0,0,824760,0.3230350140395775,9,0.34615384615384615,0
coordination_bonus,9,private_relationships;repeat_counterparties;abstract_signaling;coordination_bonus;partial_observer,0.9271623672230652,0.8998710786420283,16,1,0,0,847246,0.4038763074916085,6,0.24,0
coordination_bonus,10,private_relationships;repeat_counterparties;abstract_signaling;coordination_bonus;partial_observer,0.9239130434782609,0.9092592592592592,16,1,0,0,976487,0.42893321307462656,4,0.16666666666666666,0
coordination_bonus,11,private_relationships;repeat_counterparties;abstract_signaling;coordination_bonus;partial_observer,0.9183976261127597,0.9239751855005474,16,1,0,0,854579,0.42737743407347023,8,0.2857142857142857,0
full_reinvestment,0,private_relationships;repeat_counterparties;abstract_signaling;coordination_bonus;liquidity_reinvestment;partial_observer,0.9339080459770115,0.9175100552398182,16,1,4,80000,918463,0.4392805201039378,5,0.2,0
full_reinvestment,1,private_relationships;repeat_counterparties;abstract_signaling;coordination_bonus;liquidity_reinvestment;partial_observer,0.9512937595129376,0.8941219706721947,16,1,4,80000,864888,0.5051570022647035,8,0.3076923076923077,0
full_reinvestment,2,private_relationships;repeat_counterparties;abstract_signaling;coordination_bonus;liquidity_reinvestment;partial_observer,0.9627906976744186,0.910161360662887,16,1,4,80000,909261,0.47488457637621095,12,0.3870967741935484,0
full_reinvestment,3,private_relationships;repeat_counterparties;abstract_signaling;coordination_bonus;liquidity_reinvestment;partial_observer,0.9624624624624625,0.942537909018356,16,1,4,80000,927304,0.27743716808454805,10,0.36,0
full_reinvestment,4,private_relationships;repeat_counterparties;abstract_signaling;coordination_bonus;liquidity_reinvestment;partial_observer,0.9735294117647059,0.929777436684574,16,1,4,80000,963029,0.4558133482798607,2,0.08,0
full_reinvestment,5,private_relationships;repeat_counterparties;abstract_signaling;coordination_bonus;liquidity_reinvestment;partial_observer,0.9591194968553459,0.9164556962025316,16,1,4,80000,869569,0.3946160803684083,9,0.2962962962962963,0
full_reinvestment,6,private_relationships;repeat_counterparties;abstract_signaling;coordination_bonus;liquidity_reinvestment;partial_observer,0.9669172932330827,0.9176834137017604,16,1,4,80000,1006904,0.38771445968786067,6,0.19230769230769232,0
full_reinvestment,7,private_relationships;repeat_counterparties;abstract_signaling;coordination_bonus;liquidity_reinvestment;partial_observer,0.9602941176470589,0.9045350471915908,16,1,4,80000,856472,0.45930311574511085,7,0.28,0
full_reinvestment,8,private_relationships;repeat_counterparties;abstract_signaling;coordination_bonus;liquidity_reinvestment;partial_observer,0.9777777777777777,0.8837485172004745,16,1,4,80000,824760,0.3380915211724177,8,0.3076923076923077,0
full_reinvestment,9,private_relationships;repeat_counterparties;abstract_signaling;coordination_bonus;liquidity_reinvestment;partial_observer,0.952959028831563,0.9041152263374486,16,1,4,80000,847419,0.4336933701857272,8,0.2962962962962963,0
full_reinvestment,10,private_relationships;repeat_counterparties;abstract_signaling;coordination_bonus;liquidity_reinvestment;partial_observer,0.9409937888198758,0.9073825503355705,16,1,4,80000,969627,0.4925791179020112,4,0.16666666666666666,0
full_reinvestment,11,private_relationships;repeat_counterparties;abstract_signaling;coordination_bonus;liquidity_reinvestment;partial_observer,0.9599406528189911,0.9315316261124684,16,1,4,80000,859357,0.48053036142955285,10,0.34615384615384615,0
