seed,repeat_probability,reciprocity_threshold,giant_component,largest_hive_size,hive_count,success_rate,private_flow_share,observer_hive_edge_recall,accounting_error
0,0.0,0.0,1,16,1,0.9847328244274809,0.8890756302521008,0.04054054054054054,0
1,0.0,0.0,1,16,1,0.9455370650529501,0.8608441287087338,0.043478260869565216,0
2,0.0,0.0,1,16,1,0.9812792511700468,0.8937206330596916,0.04,0
3,0.0,0.0,1,16,1,0.9969465648854962,0.8856351404827859,0.0375,0
4,0.0,0.0,1,16,1,0.9926470588235294,0.8968170689052116,0.0,0
0,0.0,0.15,1,16,1,0.9847328244274809,0.8890756302521008,0.043478260869565216,0
1,0.0,0.15,1,16,1,0.9455370650529501,0.8608441287087338,0.046153846153846156,0
2,0.0,0.15,1,16,1,0.9812792511700468,0.8937206330596916,0.041666666666666664,0
3,0.0,0.15,1,16,1,0.9969465648854962,0.8856351404827859,0.0273972602739726,0
4,0.0,0.15,1,16,1,0.9926470588235294,0.8968170689052116,0.0,0
0,0.0,0.3,1,16,1,0.9847328244274809,0.8890756302521008,0.05,0
1,0.0,0.3,1,16,1,0.9455370650529501,0.8608441287087338,0.05555555555555555,0
2,0.0,0.3,1,16,1,0.9812792511700468,0.8937206330596916,0.05,0
3,0.0,0.3,1,16,1,0.9969465648854962,0.8856351404827859,0.030303030303030304,0
4,0.0,0.3,1,16,1,0.9926470588235294,0.8968170689052116,0.0,0
0,0.0,0.5,1,16,1,0.9847328244274809,0.8890756302521008,0.047619047619047616,0
1,0.0,0.5,1,16,1,0.9455370650529501,0.8608441287087338,0.06666666666666667,0
2,0.0,0.5,1,16,1,0.9812792511700468,0.8937206330596916,0.06382978723404255,0
3,0.0,0.5,1,16,1,0.9969465648854962,0.8856351404827859,0.0196078431372549,0
4,0.0,0.5,1,16,1,0.9926470588235294,0.8968170689052116,0.0,0
0,0.0,0.7,1,15,1,0.9847328244274809,0.8890756302521008,0.05555555555555555,0
1,0.0,0.7,1,15,1,0.9455370650529501,0.8608441287087338,0.13636363636363635,0
2,0.0,0.7,1,14,1,0.9812792511700468,0.8937206330596916,0.1,0
3,0.0,0.7,1,15,1,0.9969465648854962,0.8856351404827859,0.0,0
4,0.0,0.7,1,16,1,0.9926470588235294,0.8968170689052116,0.0,0
0,0.25,0.0,1,16,1,0.9953703703703703,0.88714859437751,0.03571428571428571,0
1,0.25,0.0,1,16,1,0.9225037257824144,0.8862185654744691,0.1,0
2,0.25,0.0,1,16,1,0.9704968944099379,0.8763814981580025,0.1,0
3,0.25,0.0,1,16,1,0.9772403982930299,0.902938901778809,0.06779661016949153,0
4,0.25,0.0,1,16,1,0.96,0.8947176684881603,0.0,0
0,0.25,0.15,1,16,1,0.9953703703703703,0.88714859437751,0.03773584905660377,0
1,0.25,0.15,1,16,1,0.9225037257824144,0.8862185654744691,0.10638297872340426,0
2,0.25,0.15,1,16,1,0.9704968944099379,0.8763814981580025,0.10526315789473684,0
3,0.25,0.15,1,16,1,0.9772403982930299,0.902938901778809,0.07142857142857142,0
4,0.25,0.15,1,16,1,0.96,0.8947176684881603,0.0,0
0,0.25,0.3,1,16,1,0.9953703703703703,0.88714859437751,0.023809523809523808,0
1,0.25,0.3,1,16,1,0.9225037257824144,0.8862185654744691,0.11363636363636363,0
2,0.25,0.3,1,16,1,0.9704968944099379,0.8763814981580025,0.1,0
3,0.25,0.3,1,16,1,0.9772403982930299,0.902938901778809,0.08,0
4,0.25,0.3,1,16,1,0.96,0.8947176684881603,0.0,0
0,0.25,0.5,1,16,1,0.9953703703703703,0.88714859437751,0.03225806451612903,0
1,0.25,0.5,1,16,1,0.9225037257824144,0.8862185654744691,0.07407407407407407,0
2,0.25,0.5,1,16,1,0.9704968944099379,0.8763814981580025,0.07692307692307693,0
3,0.25,0.5,1,16,1,0.9772403982930299,0.902938901778809,0.10256410256410256,0
4,0.25,0.5,1,16,1,0.96,0.8947176684881603,0.0,0
0,0.25,0.7,1,12,2,0.9953703703703703,0.88714859437751,0.06666666666666667,0
1,0.25,0.7,1,10,1,0.9225037257824144,0.8862185654744691,0.18181818181818182,0
2,0.25,0.7,1,15,1,0.9704968944099379,0.8763814981580025,0.045454545454545456,0
3,0.25,0.7,1,15,1,0.9772403982930299,0.902938901778809,0.13636363636363635,0
4,0.25,0.7,1,15,1,0.96,0.8947176684881603,0.0,0
0,0.5,0.0,1,16,1,0.9678456591639871,0.88322739180764,0.1388888888888889,0
1,0.5,0.0,1,16,1,0.9482248520710059,0.8822732075995063,0.1,0
2,0.5,0.0,1,16,1,0.9533834586466166,0.8981232390442686,0.07317073170731707,0
3,0.5,0.0,1,16,1,0.9726618705035971,0.9108873974645787,0.11904761904761904,0
4,0.5,0.0,1,16,1,0.9898697539797395,0.9029160739687055,0.10638297872340426,0
0,0.5,0.15,1,16,1,0.9678456591639871,0.88322739180764,0.14705882352941177,0
1,0.5,0.15,1,16,1,0.9482248520710059,0.8822732075995063,0.1111111111111111,0
2,0.5,0.15,1,16,1,0.9533834586466166,0.8981232390442686,0.07894736842105263,0
3,0.5,0.15,1,16,1,0.9726618705035971,0.9108873974645787,0.125,0
4,0.5,0.15,1,16,1,0.9898697539797395,0.9029160739687055,0.11363636363636363,0
0,0.5,0.3,1,16,1,0.9678456591639871,0.88322739180764,0.17857142857142858,0
1,0.5,0.3,1,16,1,0.9482248520710059,0.8822732075995063,0.0967741935483871,0
2,0.5,0.3,1,16,1,0.9533834586466166,0.8981232390442686,0.058823529411764705,0
3,0.5,0.3,1,16,1,0.9726618705035971,0.9108873974645787,0.13157894736842105,0
4,0.5,0.3,1,16,1,0.9898697539797395,0.9029160739687055,0.1282051282051282,0
0,0.5,0.5,1,16,1,0.9678456591639871,0.88322739180764,0.21739130434782608,0
1,0.5,0.5,1,16,1,0.9482248520710059,0.8822732075995063,0.12,0
2,0.5,0.5,1,16,1,0.9533834586466166,0.8981232390442686,0.07407407407407407,0
3,0.5,0.5,1,16,1,0.9726618705035971,0.9108873974645787,0.10344827586206896,0
4,0.5,0.5,1,16,1,0.9898697539797395,0.9029160739687055,0.16129032258064516,0
0,0.5,0.7,1,15,1,0.9678456591639871,0.88322739180764,0.2,0
1,0.5,0.7,1,13,1,0.9482248520710059,0.8822732075995063,0.0625,0
2,0.5,0.7,1,15,1,0.9533834586466166,0.8981232390442686,0.1111111111111111,0
3,0.5,0.7,1,16,1,0.9726618705035971,0.9108873974645787,0.11764705882352941,0
4,0.5,0.7,1,16,1,0.9898697539797395,0.9029160739687055,0.23809523809523808,0
0,0.7,0.0,1,16,1,0.882962962962963,0.9113277423627555,0.16666666666666666,0
1,0.7,0.0,1,16,1,0.9330289193302892,0.8923717177737805,0.1875,0
2,0.7,0.0,1,16,1,0.9472868217054263,0.9093708754949406,0.3793103448275862,0
3,0.7,0.0,1,16,1,0.972972972972973,0.9408330089529,0.3,0
4,0.7,0.0,1,16,1,0.9588235294117647,0.927940159618453,0.17857142857142858,0
0,0.7,0.15,1,16,1,0.882962962962963,0.9113277423627555,0.20833333333333334,0
1,0.7,0.15,1,16,1,0.9330289193302892,0.8923717177737805,0.2222222222222222,0
2,0.7,0.15,1,16,1,0.9472868217054263,0.9093708754949406,0.3793103448275862,0
3,0.7,0.15,1,16,1,0.972972972972973,0.9408330089529,0.34615384615384615,0
4,0.7,0.15,1,16,1,0.9588235294117647,0.927940159618453,0.18518518518518517,0
0,0.7,0.3,1,15,1,0.882962962962963,0.9113277423627555,0.25,0
1,0.7,0.3,1,16,1,0.9330289193302892,0.8923717177737805,0.25,0
2,0.7,0.3,1,16,1,0.9472868217054263,0.9093708754949406,0.34615384615384615,0
3,0.7,0.3,1,16,1,0.972972972972973,0.9408330089529,0.34782608695652173,0
4,0.7,0.3,1,16,1,0.9588235294117647,0.927940159618453,0.20833333333333334,0
0,0.7,0.5,1,12,1,0.882962962962963,0.9113277423627555,0.15384615384615385,0
1,0.7,0.5,1,16,1,0.9330289193302892,0.8923717177737805,0.3157894736842105,0
2,0.7,0.5,1,16,1,0.9472868217054263,0.9093708754949406,0.4090909090909091,0
3,0.7,0.5,1,16,1,0.972972972972973,0.9408330089529,0.42105263157894735,0
4,0.7,0.5,1,14,1,0.9588235294117647,0.927940159618453,0.29411764705882354,0
0,0.7,0.7,1,11,1,0.882962962962963,0.9113277423627555,0.18181818181818182,0
1,0.7,0.7,1,8,2,0.9330289193302892,0.8923717177737805,0.2727272727272727,0
2,0.7,0.7,0,4,3,0.9472868217054263,0.9093708754949406,0.3333333333333333,0
3,0.7,0.7,0,5,4,0.972972972972973,0.9408330089529,0.3333333333333333,0
4,0.7,0.7,1,11,1,0.9588235294117647,0.927940159618453,0.09090909090909091,0
0,0.9,0.0,1,16,1,0.9373134328358209,0.9403087434990507,0.3076923076923077,0
1,0.9,0.0,1,16,1,0.8777089783281734,0.9627557320360868,0.28,0
2,0.9,0.0,1,16,1,0.9911373707533235,0.9537725540566865,0.4074074074074074,0
3,0.9,0.0,1,16,1,0.9309309309309309,0.9619904824167972,0.3333333333333333,0
4,0.9,0.0,1,16,1,0.8637015781922525,0.9657029906891651,0.2,0
0,0.9,0.15,1,16,1,0.9373134328358209,0.9403087434990507,0.38095238095238093,0
1,0.9,0.15,1,15,1,0.8777089783281734,0.9627557320360868,0.2916666666666667,0
2,0.9,0.15,1,16,1,0.9911373707533235,0.9537725540566865,0.43478260869565216,0
3,0.9,0.15,1,16,1,0.9309309309309309,0.9619904824167972,0.36363636363636365,0
4,0.9,0.15,1,16,1,0.8637015781922525,0.9657029906891651,0.21739130434782608,0
0,0.9,0.3,1,16,1,0.9373134328358209,0.9403087434990507,0.4444444444444444,0
1,0.9,0.3,1,15,1,0.8777089783281734,0.9627557320360868,0.3333333333333333,0
2,0.9,0.3,1,16,1,0.9911373707533235,0.9537725540566865,0.4090909090909091,0
3,0.9,0.3,1,16,1,0.9309309309309309,0.9619904824167972,0.38095238095238093,0
4,0.9,0.3,1,16,1,0.8637015781922525,0.9657029906891651,0.23809523809523808,0
0,0.9,0.5,1,13,1,0.9373134328358209,0.9403087434990507,0.42857142857142855,0
1,0.9,0.5,1,14,1,0.8777089783281734,0.9627557320360868,0.3125,0
2,0.9,0.5,1,16,1,0.9911373707533235,0.9537725540566865,0.4444444444444444,0
3,0.9,0.5,1,16,1,0.9309309309309309,0.9619904824167972,0.4117647058823529,0
4,0.9,0.5,1,15,1,0.8637015781922525,0.9657029906891651,0.2777777777777778,0
0,0.9,0.7,0,4,1,0.9373134328358209,0.9403087434990507,0.6666666666666666,0
1,0.9,0.7,0,5,2,0.8777089783281734,0.9627557320360868,0.25,0
2,0.9,0.7,1,8,2,0.9911373707533235,0.9537725540566865,0.2727272727272727,0
3,0.9,0.7,0,6,3,0.9309309309309309,0.9619904824167972,0.45454545454545453,0
4,0.9,0.7,0,5,2,0.8637015781922525,0.9657029906891651,0.1111111111111111,0
