strategy,seed,attempted,succeeded,attempted_volume,delivered_volume,fee_msat,failed_attempts,imbalance_start,imbalance_end,connector_capital,success_rate,volume_rate,leakage_proxy
baseline,0,360,256,1441000,928000,1092000,927,0.05607385281233455,0.24024313617350163,0,0.7111111111111111,0.6439972241498959,2.575
baseline,1,360,238,1454000,852000,1127950,1106,0.06295949645950955,0.18869009588455973,0,0.6611111111111111,0.5859697386519945,3.0722222222222224
baseline,2,360,260,1474000,964000,1276400,868,0.06929110984120357,0.2866985656225074,0,0.7222222222222222,0.6540027137042063,2.411111111111111
baseline,3,360,252,1404000,870000,1152850,975,0.07026274086210586,0.20364195889033818,0,0.7,0.6196581196581197,2.7083333333333335
baseline,4,360,242,1517000,854000,942350,1014,0.05478226441844963,0.1882139150701431,0,0.6722222222222223,0.5629531970995386,2.816666666666667
baseline,5,360,252,1447000,914000,1020800,938,0.07121601180128162,0.2575887185034645,0,0.7,0.6316516931582584,2.6055555555555556
baseline,6,360,240,1409000,808000,1143050,1069,0.06028855822083674,0.21096672360660068,0,0.6666666666666666,0.5734563520227112,2.9694444444444446
baseline,7,360,256,1441000,829000,1068550,907,0.06680971720584096,0.2140211295057513,0,0.7111111111111111,0.57529493407356,2.5194444444444444
baseline,8,360,239,1395000,768000,933000,1042,0.05198990533626675,0.2356191968978272,0,0.6638888888888889,0.5505376344086022,2.8944444444444444
baseline,9,360,229,1418000,792000,979050,1107,0.059199138787862725,0.26320665974166707,0,0.6361111111111111,0.5585331452750353,3.075
baseline,10,360,221,1456000,769000,901750,1175,0.0468639050641758,0.23175696677550645,0,0.6138888888888889,0.5281593406593407,3.263888888888889
baseline,11,360,232,1359000,760000,919050,1110,0.05123236724348639,0.19974310736522066,0,0.6444444444444445,0.5592347314201619,3.0833333333333335
baseline,12,360,253,1395000,834000,1034950,941,0.04352326393560905,0.1883363321645143,0,0.7027777777777777,0.5978494623655914,2.613888888888889
baseline,13,360,223,1447000,793000,822850,1186,0.04506927550485626,0.1871688276905419,0,0.6194444444444445,0.548030407740152,3.2944444444444443
baseline,14,360,252,1385000,793000,1020300,941,0.06652632223300846,0.15985014405451373,0,0.7,0.5725631768953069,2.613888888888889
baseline,15,360,239,1474000,847000,1085350,1072,0.05590142679770917,0.2748374034875481,0,0.6638888888888889,0.5746268656716418,2.977777777777778
baseline,16,360,271,1408000,922000,1067650,816,0.06720092224464498,0.23337442727639035,0,0.7527777777777778,0.6548295454545454,2.2666666666666666
baseline,17,360,215,1482000,808000,949650,1249,0.05394966812413256,0.192287295653401,0,0.5972222222222222,0.5452091767881242,3.4694444444444446
baseline,18,360,218,1489000,831000,982350,1208,0.0495569684966944,0.2327680271854895,0,0.6055555555555555,0.5580926796507724,3.3555555555555556
baseline,19,360,232,1519000,844000,1100950,1124,0.06075769601836449,0.29056316399391885,0,0.6444444444444445,0.5556287030941409,3.1222222222222222
baseline,20,360,237,1422000,839000,996150,1084,0.04968309786262078,0.30860858236402944,0,0.6583333333333333,0.590014064697609,3.011111111111111
baseline,21,360,229,1438000,770000,904850,1110,0.055401476694892655,0.16668826250611754,0,0.6361111111111111,0.5354659248956884,3.0833333333333335
baseline,22,360,256,1389000,849000,985350,896,0.07446269871718059,0.21041092627301447,0,0.7111111111111111,0.6112311015118791,2.488888888888889
baseline,23,360,237,1466000,813000,1125200,1067,0.04194610795676728,0.30131199827991184,0,0.6583333333333333,0.5545702592087313,2.963888888888889
random_connector,0,360,269,1441000,983000,1055950,834,0.0532164626674195,0.25864298327586477,120000,0.7472222222222222,0.6821651630811936,2.316666666666667
random_connector,1,360,250,1454000,908000,1073950,984,0.0594635043633407,0.30399430626424906,120000,0.6944444444444444,0.624484181568088,2.7333333333333334
random_connector,2,360,279,1474000,1024000,1221750,793,0.06485575022962768,0.401659798472391,120000,0.775,0.694708276797829,2.202777777777778
random_connector,3,360,261,1404000,925000,1122850,927,0.06631498187265533,0.37496146423035787,120000,0.725,0.6588319088319088,2.575
random_connector,4,360,256,1517000,890000,984450,960,0.05158151824626718,0.3979183418302748,120000,0.7111111111111111,0.5866842452208306,2.6666666666666665
random_connector,5,360,262,1447000,961000,1019700,901,0.0674936920002164,0.4238167247758407,120000,0.7277777777777777,0.6641326883206634,2.5027777777777778
random_connector,6,360,240,1409000,808000,1143050,1069,0.06028855822083674,0.21096672360660068,0,0.6666666666666666,0.5734563520227112,2.9694444444444446
random_connector,7,360,264,1441000,869000,1070350,863,0.06320988762296671,0.3350330691228714,120000,0.7333333333333333,0.6030534351145038,2.397222222222222
random_connector,8,360,263,1395000,827000,983100,926,0.04919142656875514,0.28020433698749464,120000,0.7305555555555555,0.592831541218638,2.5722222222222224
random_connector,9,360,242,1418000,837000,980150,1038,0.05590614338646813,0.46901901324019074,120000,0.6722222222222223,0.5902679830747531,2.8833333333333333
random_connector,10,360,245,1456000,826000,958100,1033,0.044259691672941415,0.30847434004495594,120000,0.6805555555555556,0.5673076923076923,2.8694444444444445
random_connector,11,360,248,1359000,820000,954450,1043,0.0485175266730684,0.23503234408977103,120000,0.6888888888888889,0.6033848417954378,2.897222222222222
random_connector,12,360,269,1395000,894000,1019850,857,0.04143365161065633,0.30391365492641076,120000,0.7472222222222222,0.6408602150537634,2.3805555555555555
random_connector,13,360,234,1447000,850000,835100,1124,0.042970215113563,0.2340254487956171,120000,0.65,0.5874222529371113,3.1222222222222222
random_connector,14,360,261,1385000,853000,1010250,899,0.06282456117572481,0.27965035129220206,120000,0.725,0.615884476534296,2.4972222222222222
random_connector,15,360,250,1474000,894000,1021250,1005,0.052741111200232504,0.27782862101458183,120000,0.6944444444444444,0.6065128900949797,2.7916666666666665
random_connector,16,360,283,1408000,981000,1070350,741,0.06368397485143856,0.3567745713267155,120000,0.7861111111111111,0.6967329545454546,2.058333333333333
random_connector,17,360,227,1482000,878000,938550,1167,0.051164318544305636,0.27244157693082577,120000,0.6305555555555555,0.5924426450742241,3.2416666666666667
random_connector,18,360,232,1489000,869000,934950,1128,0.0466999276598215,0.3292293448213508,120000,0.6444444444444445,0.5836131631967764,3.1333333333333333
random_connector,19,360,250,1519000,898000,1126950,1036,0.05732510630814207,0.35781811523201384,120000,0.6944444444444444,0.5911784068466096,2.8777777777777778
random_connector,20,360,251,1422000,898000,978750,994,0.04704528136583003,0.3356820693877445,120000,0.6972222222222222,0.6315049226441631,2.761111111111111
random_connector,21,360,242,1438000,830000,938250,1053,0.05250405009576669,0.25807348985650264,120000,0.6722222222222223,0.5771905424200278,2.925
random_connector,22,360,271,1389000,909000,999050,838,0.07051757669662756,0.30235054095433433,120000,0.7527777777777778,0.6544276457883369,2.327777777777778
random_connector,23,360,245,1466000,873000,1069700,1028,0.03943800321907287,0.39699590873097257,120000,0.6805555555555556,0.5954979536152797,2.8555555555555556
ghost_connector,0,360,262,1441000,989000,1032300,921,0.0532164626674195,0.2900086597652245,120000,0.7277777777777777,0.6863289382373352,2.558333333333333
ghost_connector,1,360,253,1454000,908000,1031800,975,0.0594635043633407,0.2575835452253636,120000,0.7027777777777777,0.624484181568088,2.7083333333333335
ghost_connector,2,360,283,1474000,1023000,1257550,733,0.06485575022962768,0.37332422809430743,120000,0.7861111111111111,0.6940298507462687,2.036111111111111
ghost_connector,3,360,266,1404000,929000,1137650,886,0.06631498187265533,0.41055607315881204,120000,0.7388888888888889,0.6616809116809117,2.4611111111111112
ghost_connector,4,360,253,1517000,913000,958450,960,0.05158151824626718,0.27641666861663117,120000,0.7027777777777777,0.6018457481872116,2.6666666666666665
ghost_connector,5,360,263,1447000,974000,979800,885,0.0674936920002164,0.2636155620561778,120000,0.7305555555555555,0.6731167933655839,2.4583333333333335
ghost_connector,6,360,253,1409000,876000,1138350,1017,0.05705659782902324,0.33022783708931663,120000,0.7027777777777777,0.6217175301632364,2.825
ghost_connector,7,360,265,1441000,889000,1048050,865,0.06320988762296671,0.3315371847119848,120000,0.7361111111111112,0.6169326856349757,2.4027777777777777
ghost_connector,8,360,254,1395000,826000,975200,983,0.04919142656875514,0.3632696558457001,120000,0.7055555555555556,0.5921146953405018,2.7305555555555556
ghost_connector,9,360,242,1418000,837000,977550,1031,0.05590614338646813,0.473290684384969,120000,0.6722222222222223,0.5902679830747531,2.863888888888889
ghost_connector,10,360,235,1456000,828000,879050,1108,0.044259691672941415,0.28400555996148824,120000,0.6527777777777778,0.5686813186813187,3.077777777777778
ghost_connector,11,360,240,1359000,820000,966550,1122,0.0485175266730684,0.30633985857753226,120000,0.6666666666666666,0.6033848417954378,3.1166666666666667
ghost_connector,12,360,269,1395000,894000,1039750,832,0.04143365161065633,0.2433382359382445,120000,0.7472222222222222,0.6408602150537634,2.311111111111111
ghost_connector,13,360,237,1447000,850000,826600,1106,0.042970215113563,0.19792657116683746,120000,0.6583333333333333,0.5874222529371113,3.0722222222222224
ghost_connector,14,360,259,1385000,845000,1009050,898,0.06282456117572481,0.2351294956502475,120000,0.7194444444444444,0.6101083032490975,2.4944444444444445
ghost_connector,15,360,252,1474000,902000,1074850,998,0.052741111200232504,0.332317790923009,120000,0.7,0.6119402985074627,2.772222222222222
ghost_connector,16,360,282,1408000,980000,1082000,744,0.06368397485143856,0.2493801470766782,120000,0.7833333333333333,0.6960227272727273,2.066666666666667
ghost_connector,17,360,229,1482000,858000,930150,1162,0.051164318544305636,0.27044695537873975,120000,0.6361111111111111,0.5789473684210527,3.227777777777778
ghost_connector,18,360,240,1489000,861000,985650,1060,0.0466999276598215,0.2737959282796008,120000,0.6666666666666666,0.5782404298186703,2.9444444444444446
ghost_connector,19,360,248,1519000,903000,1052250,999,0.05732510630814207,0.2723797812925148,120000,0.6888888888888889,0.5944700460829493,2.775
ghost_connector,20,360,259,1422000,898000,999250,910,0.04704528136583003,0.3450094885397772,120000,0.7194444444444444,0.6315049226441631,2.5277777777777777
ghost_connector,21,360,241,1438000,830000,905050,1054,0.05250405009576669,0.2801830636685622,120000,0.6694444444444444,0.5771905424200278,2.9277777777777776
ghost_connector,22,360,275,1389000,909000,1026450,808,0.07051757669662756,0.2764056585821461,120000,0.7638888888888888,0.6544276457883369,2.2444444444444445
ghost_connector,23,360,251,1466000,873000,1087500,976,0.03943800321907287,0.424550776098809,120000,0.6972222222222222,0.5954979536152797,2.7111111111111112
