posture,hive_master,hive_master_truth_class,seed,population_size,rounds,attempts,landings,compromised_count,recruited_count,largest_coalition,airgapped_count,airgap_breach_count,covert_exfil_units,detected_compromise_count,honeypot_count,honeypot_hits,monitor_signal_count,time_to_first_compromise,accounting_ok,compromise_rate,detection_recall,airgap_breach_rate,honeypot_attribution_rate
baseline_open,opportunist_phisher,adversary,0,24,60,222,22,22,0,0,0,0,0.0,9,0,0,102,0,True,0.9166666666666666,0.4090909090909091,0.0,0.0
airgap_core,opportunist_phisher,adversary,0,24,60,161,17,17,1,1,6,0,0.0,10,0,0,70,2,True,0.7083333333333334,0.5882352941176471,0.0,0.0
cleanroom,opportunist_phisher,adversary,0,24,60,222,22,22,0,0,0,0,0.0,8,0,0,100,0,True,0.9166666666666666,0.36363636363636365,0.0,0.0
full_hardening,opportunist_phisher,adversary,0,24,60,188,17,14,1,1,6,0,0.0,7,3,3,87,2,True,0.5833333333333334,0.5,0.0,0.015957446808510637
baseline_open,patient_recruiter,adversary,0,24,60,123,14,14,12,9,0,0,0.0,3,0,0,54,1,True,0.5833333333333334,0.21428571428571427,0.0,0.0
airgap_core,patient_recruiter,adversary,0,24,60,120,9,8,6,2,6,0,6.0,1,0,0,46,5,True,0.3333333333333333,0.125,0.0,0.0
cleanroom,patient_recruiter,adversary,0,24,60,123,14,14,12,9,0,0,0.0,3,0,0,54,1,True,0.5833333333333334,0.21428571428571427,0.0,0.0
full_hardening,patient_recruiter,adversary,0,24,60,125,15,9,9,5,6,0,0.0,1,3,6,48,16,True,0.375,0.1111111111111111,0.0,0.048
baseline_open,insider_cultivator,adversary,0,24,60,121,9,9,6,3,0,0,0.0,2,0,0,56,1,True,0.375,0.2222222222222222,0.0,0.0
airgap_core,insider_cultivator,adversary,0,24,60,120,12,12,4,2,6,2,0.0,1,0,0,33,1,True,0.5,0.08333333333333333,0.3333333333333333,0.0
cleanroom,insider_cultivator,adversary,0,24,60,121,9,9,6,3,0,0,0.0,2,0,0,56,1,True,0.375,0.2222222222222222,0.0,0.0
full_hardening,insider_cultivator,adversary,0,24,60,122,13,9,4,1,6,2,0.0,0,3,4,37,1,True,0.375,0.0,0.3333333333333333,0.03278688524590164
baseline_open,signals_specialist,adversary,0,24,60,120,10,3,0,0,0,0,42.0,0,0,0,48,23,True,0.125,0.0,0.0,0.0
airgap_core,signals_specialist,adversary,0,24,60,120,15,4,1,1,6,0,66.0,1,0,0,44,10,True,0.16666666666666666,0.25,0.0,0.0
cleanroom,signals_specialist,adversary,0,24,60,120,10,3,0,0,0,0,0.0,0,0,0,48,23,True,0.125,0.0,0.0,0.0
full_hardening,signals_specialist,adversary,0,24,60,121,12,4,1,1,6,0,0.0,1,3,2,47,10,True,0.16666666666666666,0.25,0.0,0.01652892561983471
baseline_open,smash_and_grab,adversary,0,24,60,240,19,18,1,1,0,0,6.0,10,0,0,102,4,True,0.75,0.5555555555555556,0.0,0.0
airgap_core,smash_and_grab,adversary,0,24,60,240,15,15,0,0,6,0,0.0,10,0,0,65,4,True,0.625,0.6666666666666666,0.0,0.0
cleanroom,smash_and_grab,adversary,0,24,60,240,15,15,0,0,0,0,0.0,10,0,0,102,4,True,0.625,0.6666666666666666,0.0,0.0
full_hardening,smash_and_grab,adversary,0,24,60,240,15,12,0,0,6,3,0.0,6,3,2,70,11,True,0.5,0.5,0.5,0.008333333333333333
baseline_open,authorized_red_team,benign_authorized_confound,0,24,60,120,12,11,3,1,0,0,6.0,2,0,0,56,9,True,0.4583333333333333,0.18181818181818182,0.0,0.0
airgap_core,authorized_red_team,benign_authorized_confound,0,24,60,120,15,11,3,1,6,3,24.0,2,0,0,32,6,True,0.4583333333333333,0.18181818181818182,0.5,0.0
cleanroom,authorized_red_team,benign_authorized_confound,0,24,60,120,12,11,3,1,0,0,0.0,2,0,0,56,9,True,0.4583333333333333,0.18181818181818182,0.0,0.0
full_hardening,authorized_red_team,benign_authorized_confound,0,24,60,121,13,8,2,1,6,2,0.0,3,3,2,34,6,True,0.3333333333333333,0.375,0.3333333333333333,0.01652892561983471
baseline_open,opportunist_phisher,adversary,1,24,60,237,22,21,1,1,0,0,6.0,9,0,0,76,0,True,0.875,0.42857142857142855,0.0,0.0
airgap_core,opportunist_phisher,adversary,1,24,60,211,16,16,2,1,6,0,0.0,6,0,0,117,2,True,0.6666666666666666,0.375,0.0,0.0
cleanroom,opportunist_phisher,adversary,1,24,60,240,18,18,1,1,0,0,0.0,8,0,0,85,0,True,0.75,0.4444444444444444,0.0,0.0
full_hardening,opportunist_phisher,adversary,1,24,60,189,16,14,1,1,6,0,0.0,6,3,2,92,2,True,0.5833333333333334,0.42857142857142855,0.0,0.010582010582010581
baseline_open,patient_recruiter,adversary,1,24,60,124,12,12,9,8,0,0,0.0,1,0,0,41,12,True,0.5,0.08333333333333333,0.0,0.0
airgap_core,patient_recruiter,adversary,1,24,60,122,9,9,7,7,6,0,0.0,0,0,0,40,5,True,0.375,0.0,0.0,0.0
cleanroom,patient_recruiter,adversary,1,24,60,124,12,12,9,8,0,0,0.0,1,0,0,41,12,True,0.5,0.08333333333333333,0.0,0.0
full_hardening,patient_recruiter,adversary,1,24,60,122,10,8,4,2,6,0,0.0,1,3,2,43,5,True,0.3333333333333333,0.125,0.0,0.01639344262295082
baseline_open,insider_cultivator,adversary,1,24,60,120,9,9,4,2,0,0,0.0,2,0,0,44,9,True,0.375,0.2222222222222222,0.0,0.0
airgap_core,insider_cultivator,adversary,1,24,60,120,10,9,2,1,6,1,6.0,0,0,0,32,9,True,0.375,0.0,0.16666666666666666,0.0
cleanroom,insider_cultivator,adversary,1,24,60,120,9,9,4,2,0,0,0.0,2,0,0,44,9,True,0.375,0.2222222222222222,0.0,0.0
full_hardening,insider_cultivator,adversary,1,24,60,120,8,7,1,1,6,1,0.0,0,3,0,30,9,True,0.2916666666666667,0.0,0.16666666666666666,0.0
baseline_open,signals_specialist,adversary,1,24,60,120,8,6,0,0,0,0,12.0,0,0,0,36,3,True,0.25,0.0,0.0,0.0
airgap_core,signals_specialist,adversary,1,24,60,120,7,4,2,1,6,0,18.0,1,0,0,36,0,True,0.16666666666666666,0.25,0.0,0.0
cleanroom,signals_specialist,adversary,1,24,60,120,8,6,0,0,0,0,0.0,0,0,0,36,3,True,0.25,0.0,0.0,0.0
full_hardening,signals_specialist,adversary,1,24,60,120,7,4,2,1,6,0,0.0,1,3,0,36,0,True,0.16666666666666666,0.25,0.0,0.0
baseline_open,smash_and_grab,adversary,1,24,60,240,16,12,0,0,0,0,24.0,3,0,0,84,2,True,0.5,0.25,0.0,0.0
airgap_core,smash_and_grab,adversary,1,24,60,240,19,15,2,2,6,2,24.0,2,0,0,74,2,True,0.625,0.13333333333333333,0.3333333333333333,0.0
cleanroom,smash_and_grab,adversary,1,24,60,240,16,12,0,0,0,0,0.0,3,0,0,84,2,True,0.5,0.25,0.0,0.0
full_hardening,smash_and_grab,adversary,1,24,60,240,11,10,0,0,6,3,0.0,1,3,1,77,2,True,0.4166666666666667,0.1,0.5,0.004166666666666667
baseline_open,authorized_red_team,benign_authorized_confound,1,24,60,121,13,11,5,4,0,0,12.0,2,0,0,52,4,True,0.4583333333333333,0.18181818181818182,0.0,0.0
airgap_core,authorized_red_team,benign_authorized_confound,1,24,60,120,5,4,0,0,6,0,6.0,2,0,0,34,4,True,0.16666666666666666,0.5,0.0,0.0
cleanroom,authorized_red_team,benign_authorized_confound,1,24,60,120,5,4,1,1,0,0,0.0,2,0,0,38,4,True,0.16666666666666666,0.5,0.0,0.0
full_hardening,authorized_red_team,benign_authorized_confound,1,24,60,120,5,3,0,0,6,0,0.0,2,3,1,35,4,True,0.125,0.6666666666666666,0.0,0.008333333333333333
baseline_open,opportunist_phisher,adversary,2,24,60,240,19,19,0,0,0,0,0.0,8,0,0,74,3,True,0.7916666666666666,0.42105263157894735,0.0,0.0
airgap_core,opportunist_phisher,adversary,2,24,60,225,16,16,1,1,6,0,0.0,8,0,0,101,1,True,0.6666666666666666,0.5,0.0,0.0
cleanroom,opportunist_phisher,adversary,2,24,60,240,18,18,1,1,0,0,0.0,6,0,0,79,3,True,0.75,0.3333333333333333,0.0,0.0
full_hardening,opportunist_phisher,adversary,2,24,60,240,13,11,0,0,6,0,0.0,7,3,2,95,3,True,0.4583333333333333,0.6363636363636364,0.0,0.008333333333333333
baseline_open,patient_recruiter,adversary,2,24,60,121,12,12,6,4,0,0,0.0,1,0,0,40,7,True,0.5,0.08333333333333333,0.0,0.0
airgap_core,patient_recruiter,adversary,2,24,60,121,12,12,6,3,6,0,0.0,2,0,0,54,2,True,0.5,0.16666666666666666,0.0,0.0
cleanroom,patient_recruiter,adversary,2,24,60,122,12,12,9,6,0,0,0.0,1,0,0,38,13,True,0.5,0.08333333333333333,0.0,0.0
full_hardening,patient_recruiter,adversary,2,24,60,120,7,6,0,0,6,0,0.0,3,3,1,51,2,True,0.25,0.5,0.0,0.008333333333333333
baseline_open,insider_cultivator,adversary,2,24,60,121,12,12,6,6,0,0,0.0,0,0,0,43,1,True,0.5,0.0,0.0,0.0
airgap_core,insider_cultivator,adversary,2,24,60,121,13,13,5,2,6,3,0.0,1,0,0,41,1,True,0.5416666666666666,0.07692307692307693,0.5,0.0
cleanroom,insider_cultivator,adversary,2,24,60,121,12,12,6,6,0,0,0.0,0,0,0,43,1,True,0.5,0.0,0.0,0.0
full_hardening,insider_cultivator,adversary,2,24,60,121,13,11,3,2,6,3,0.0,1,3,2,41,1,True,0.4583333333333333,0.09090909090909091,0.5,0.01652892561983471
baseline_open,signals_specialist,adversary,2,24,60,120,13,3,0,0,0,0,60.0,1,0,0,46,10,True,0.125,0.3333333333333333,0.0,0.0
airgap_core,signals_specialist,adversary,2,24,60,120,11,8,1,1,6,0,18.0,3,0,0,54,4,True,0.3333333333333333,0.375,0.0,0.0
cleanroom,signals_specialist,adversary,2,24,60,120,13,3,0,0,0,0,0.0,1,0,0,46,10,True,0.125,0.3333333333333333,0.0,0.0
full_hardening,signals_specialist,adversary,2,24,60,120,10,5,1,1,6,0,0.0,0,3,3,46,5,True,0.20833333333333334,0.0,0.0,0.025
baseline_open,smash_and_grab,adversary,2,24,60,240,17,16,2,1,0,0,6.0,8,0,0,98,3,True,0.6666666666666666,0.5,0.0,0.0
airgap_core,smash_and_grab,adversary,2,24,60,240,14,14,0,0,6,1,0.0,8,0,0,72,3,True,0.5833333333333334,0.5714285714285714,0.16666666666666666,0.0
cleanroom,smash_and_grab,adversary,2,24,60,240,15,14,0,0,0,0,0.0,8,0,0,99,7,True,0.5833333333333334,0.5714285714285714,0.0,0.0
full_hardening,smash_and_grab,adversary,2,24,60,240,9,9,1,1,6,1,0.0,3,3,0,88,7,True,0.375,0.3333333333333333,0.16666666666666666,0.0
baseline_open,authorized_red_team,benign_authorized_confound,2,24,60,121,13,12,6,4,0,0,6.0,2,0,0,35,3,True,0.5,0.16666666666666666,0.0,0.0
airgap_core,authorized_red_team,benign_authorized_confound,2,24,60,120,9,8,3,2,6,2,6.0,0,0,0,47,6,True,0.3333333333333333,0.0,0.3333333333333333,0.0
cleanroom,authorized_red_team,benign_authorized_confound,2,24,60,121,13,12,6,4,0,0,0.0,2,0,0,35,3,True,0.5,0.16666666666666666,0.0,0.0
full_hardening,authorized_red_team,benign_authorized_confound,2,24,60,120,8,6,3,2,6,2,0.0,0,3,1,47,6,True,0.25,0.0,0.3333333333333333,0.008333333333333333
baseline_open,opportunist_phisher,adversary,3,24,60,234,22,22,1,1,0,0,0.0,6,0,0,83,5,True,0.9166666666666666,0.2727272727272727,0.0,0.0
airgap_core,opportunist_phisher,adversary,3,24,60,237,17,17,0,0,6,0,0.0,6,0,0,99,0,True,0.7083333333333334,0.35294117647058826,0.0,0.0
cleanroom,opportunist_phisher,adversary,3,24,60,234,22,22,1,1,0,0,0.0,6,0,0,83,5,True,0.9166666666666666,0.2727272727272727,0.0,0.0
full_hardening,opportunist_phisher,adversary,3,24,60,237,16,13,0,0,6,0,0.0,3,3,3,99,0,True,0.5416666666666666,0.23076923076923078,0.0,0.012658227848101266
baseline_open,patient_recruiter,adversary,3,24,60,122,10,10,5,5,0,0,0.0,0,0,0,40,3,True,0.4166666666666667,0.0,0.0,0.0
airgap_core,patient_recruiter,adversary,3,24,60,123,9,9,8,5,6,0,0.0,1,0,0,47,6,True,0.375,0.1111111111111111,0.0,0.0
cleanroom,patient_recruiter,adversary,3,24,60,122,10,10,5,5,0,0,0.0,0,0,0,40,3,True,0.4166666666666667,0.0,0.0,0.0
full_hardening,patient_recruiter,adversary,3,24,60,127,15,11,9,8,6,0,0.0,1,3,4,49,6,True,0.4583333333333333,0.09090909090909091,0.0,0.031496062992125984
baseline_open,insider_cultivator,adversary,3,24,60,122,17,16,7,2,0,0,6.0,4,0,0,35,5,True,0.6666666666666666,0.25,0.0,0.0
airgap_core,insider_cultivator,adversary,3,24,60,120,12,11,2,1,6,1,6.0,4,0,0,35,5,True,0.4583333333333333,0.36363636363636365,0.16666666666666666,0.0
cleanroom,insider_cultivator,adversary,3,24,60,122,17,16,7,2,0,0,0.0,4,0,0,35,5,True,0.6666666666666666,0.25,0.0,0.0
full_hardening,insider_cultivator,adversary,3,24,60,120,13,9,2,1,6,2,0.0,2,3,3,32,5,True,0.375,0.2222222222222222,0.3333333333333333,0.025
baseline_open,signals_specialist,adversary,3,24,60,120,23,7,0,0,0,0,96.0,3,0,0,54,14,True,0.2916666666666667,0.42857142857142855,0.0,0.0
airgap_core,signals_specialist,adversary,3,24,60,120,13,3,0,0,6,0,60.0,0,0,0,44,16,True,0.125,0.0,0.0,0.0
cleanroom,signals_specialist,adversary,3,24,60,120,20,7,1,1,0,0,0.0,2,0,0,53,14,True,0.2916666666666667,0.2857142857142857,0.0,0.0
full_hardening,signals_specialist,adversary,3,24,60,120,10,0,0,0,6,0,0.0,0,3,2,49,60,True,0.0,0.0,0.0,0.016666666666666666
baseline_open,smash_and_grab,adversary,3,24,60,240,16,16,2,1,0,0,0.0,6,0,0,94,6,True,0.6666666666666666,0.375,0.0,0.0
airgap_core,smash_and_grab,adversary,3,24,60,240,16,13,1,1,6,2,18.0,6,0,0,76,0,True,0.5416666666666666,0.46153846153846156,0.3333333333333333,0.0
cleanroom,smash_and_grab,adversary,3,24,60,240,16,16,2,1,0,0,0.0,6,0,0,94,6,True,0.6666666666666666,0.375,0.0,0.0
full_hardening,smash_and_grab,adversary,3,24,60,241,17,11,1,1,6,2,0.0,5,3,3,77,0,True,0.4583333333333333,0.45454545454545453,0.3333333333333333,0.012448132780082987
baseline_open,authorized_red_team,benign_authorized_confound,3,24,60,120,11,9,3,1,0,0,12.0,2,0,0,53,4,True,0.375,0.2222222222222222,0.0,0.0
airgap_core,authorized_red_team,benign_authorized_confound,3,24,60,120,11,10,3,2,6,3,6.0,1,0,0,36,4,True,0.4166666666666667,0.1,0.5,0.0
cleanroom,authorized_red_team,benign_authorized_confound,3,24,60,120,11,9,3,1,0,0,0.0,2,0,0,53,4,True,0.375,0.2222222222222222,0.0,0.0
full_hardening,authorized_red_team,benign_authorized_confound,3,24,60,121,12,9,1,1,6,2,0.0,3,3,3,45,4,True,0.375,0.3333333333333333,0.3333333333333333,0.024793388429752067
baseline_open,opportunist_phisher,adversary,4,24,60,232,22,22,1,1,0,0,0.0,6,0,0,100,2,True,0.9166666666666666,0.2727272727272727,0.0,0.0
airgap_core,opportunist_phisher,adversary,4,24,60,230,16,16,2,1,6,0,0.0,8,0,0,92,0,True,0.6666666666666666,0.5,0.0,0.0
cleanroom,opportunist_phisher,adversary,4,24,60,232,22,22,1,1,0,0,0.0,6,0,0,100,2,True,0.9166666666666666,0.2727272727272727,0.0,0.0
full_hardening,opportunist_phisher,adversary,4,24,60,231,17,14,2,1,6,0,0.0,6,3,3,93,0,True,0.5833333333333334,0.42857142857142855,0.0,0.012987012987012988
baseline_open,patient_recruiter,adversary,4,24,60,123,19,19,11,4,0,0,0.0,3,0,0,36,5,True,0.7916666666666666,0.15789473684210525,0.0,0.0
airgap_core,patient_recruiter,adversary,4,24,60,120,9,8,4,1,6,0,6.0,2,0,0,49,15,True,0.3333333333333333,0.25,0.0,0.0
cleanroom,patient_recruiter,adversary,4,24,60,123,19,19,13,7,0,0,0.0,4,0,0,39,5,True,0.7916666666666666,0.21052631578947367,0.0,0.0
full_hardening,patient_recruiter,adversary,4,24,60,122,8,5,5,3,6,0,0.0,0,3,2,45,21,True,0.20833333333333334,0.0,0.0,0.01639344262295082
baseline_open,insider_cultivator,adversary,4,24,60,123,17,17,7,6,0,0,0.0,3,0,0,58,2,True,0.7083333333333334,0.17647058823529413,0.0,0.0
airgap_core,insider_cultivator,adversary,4,24,60,120,8,7,2,1,6,1,6.0,3,0,0,35,2,True,0.2916666666666667,0.42857142857142855,0.16666666666666666,0.0
cleanroom,insider_cultivator,adversary,4,24,60,123,17,17,7,6,0,0,0.0,3,0,0,58,2,True,0.7083333333333334,0.17647058823529413,0.0,0.0
full_hardening,insider_cultivator,adversary,4,24,60,121,11,6,2,1,6,2,0.0,0,3,3,36,2,True,0.25,0.0,0.3333333333333333,0.024793388429752067
baseline_open,signals_specialist,adversary,4,24,60,120,10,5,0,0,0,0,30.0,3,0,0,57,4,True,0.20833333333333334,0.6,0.0,0.0
airgap_core,signals_specialist,adversary,4,24,60,120,15,8,0,0,6,0,42.0,4,0,0,54,4,True,0.3333333333333333,0.5,0.0,0.0
cleanroom,signals_specialist,adversary,4,24,60,120,10,5,0,0,0,0,0.0,3,0,0,57,4,True,0.20833333333333334,0.6,0.0,0.0
full_hardening,signals_specialist,adversary,4,24,60,120,12,3,0,0,6,0,0.0,0,3,1,53,4,True,0.125,0.0,0.0,0.008333333333333333
baseline_open,smash_and_grab,adversary,4,24,60,240,14,14,1,1,0,0,0.0,5,0,0,107,3,True,0.5833333333333334,0.35714285714285715,0.0,0.0
airgap_core,smash_and_grab,adversary,4,24,60,240,14,13,0,0,6,3,6.0,5,0,0,73,3,True,0.5416666666666666,0.38461538461538464,0.5,0.0
cleanroom,smash_and_grab,adversary,4,24,60,240,14,14,1,1,0,0,0.0,7,0,0,101,3,True,0.5833333333333334,0.5,0.0,0.0
full_hardening,smash_and_grab,adversary,4,24,60,240,14,12,0,0,6,3,0.0,4,3,1,73,3,True,0.5,0.3333333333333333,0.5,0.004166666666666667
baseline_open,authorized_red_team,benign_authorized_confound,4,24,60,120,5,4,1,1,0,0,6.0,0,0,0,47,3,True,0.16666666666666666,0.0,0.0,0.0
airgap_core,authorized_red_team,benign_authorized_confound,4,24,60,120,13,11,2,1,6,4,12.0,1,0,0,30,3,True,0.4583333333333333,0.09090909090909091,0.6666666666666666,0.0
cleanroom,authorized_red_team,benign_authorized_confound,4,24,60,120,5,4,1,1,0,0,0.0,0,0,0,47,3,True,0.16666666666666666,0.0,0.0,0.0
full_hardening,authorized_red_team,benign_authorized_confound,4,24,60,120,13,9,1,1,6,4,0.0,1,3,2,31,3,True,0.375,0.1111111111111111,0.6666666666666666,0.016666666666666666
baseline_open,opportunist_phisher,adversary,5,24,60,240,19,19,1,1,0,0,0.0,5,0,0,86,0,True,0.7916666666666666,0.2631578947368421,0.0,0.0
airgap_core,opportunist_phisher,adversary,5,24,60,180,18,18,0,0,6,0,0.0,7,0,0,82,1,True,0.75,0.3888888888888889,0.0,0.0
cleanroom,opportunist_phisher,adversary,5,24,60,240,18,18,2,1,0,0,0.0,6,0,0,91,0,True,0.75,0.3333333333333333,0.0,0.0
full_hardening,opportunist_phisher,adversary,5,24,60,208,17,14,1,1,6,0,0.0,6,3,3,94,1,True,0.5833333333333334,0.42857142857142855,0.0,0.014423076923076924
baseline_open,patient_recruiter,adversary,5,24,60,124,13,13,10,10,0,0,0.0,2,0,0,66,4,True,0.5416666666666666,0.15384615384615385,0.0,0.0
airgap_core,patient_recruiter,adversary,5,24,60,121,10,10,5,3,6,0,0.0,0,0,0,42,3,True,0.4166666666666667,0.0,0.0,0.0
cleanroom,patient_recruiter,adversary,5,24,60,124,13,13,10,10,0,0,0.0,2,0,0,66,4,True,0.5416666666666666,0.15384615384615385,0.0,0.0
full_hardening,patient_recruiter,adversary,5,24,60,122,8,5,4,2,6,0,0.0,1,3,2,47,7,True,0.20833333333333334,0.2,0.0,0.01639344262295082
baseline_open,insider_cultivator,adversary,5,24,60,121,16,15,7,4,0,0,6.0,0,0,0,52,3,True,0.625,0.0,0.0,0.0
airgap_core,insider_cultivator,adversary,5,24,60,121,14,14,5,3,6,1,0.0,1,0,0,30,3,True,0.5833333333333334,0.07142857142857142,0.16666666666666666,0.0
cleanroom,insider_cultivator,adversary,5,24,60,121,16,15,7,4,0,0,0.0,0,0,0,52,3,True,0.625,0.0,0.0,0.0
full_hardening,insider_cultivator,adversary,5,24,60,121,14,13,5,3,6,1,0.0,1,3,1,31,3,True,0.5416666666666666,0.07692307692307693,0.16666666666666666,0.008264462809917356
baseline_open,signals_specialist,adversary,5,24,60,120,14,4,0,0,0,0,60.0,1,0,0,52,18,True,0.16666666666666666,0.25,0.0,0.0
airgap_core,signals_specialist,adversary,5,24,60,120,21,4,0,0,6,0,102.0,1,0,0,47,3,True,0.16666666666666666,0.25,0.0,0.0
cleanroom,signals_specialist,adversary,5,24,60,120,14,4,0,0,0,0,0.0,1,0,0,52,18,True,0.16666666666666666,0.25,0.0,0.0
full_hardening,signals_specialist,adversary,5,24,60,120,19,3,0,0,6,0,0.0,0,3,1,51,3,True,0.125,0.0,0.0,0.008333333333333333
baseline_open,smash_and_grab,adversary,5,24,60,240,21,19,0,0,0,0,12.0,8,0,0,98,3,True,0.7916666666666666,0.42105263157894735,0.0,0.0
airgap_core,smash_and_grab,adversary,5,24,60,240,21,17,0,0,6,5,24.0,11,0,0,81,2,True,0.7083333333333334,0.6470588235294118,0.8333333333333334,0.0
cleanroom,smash_and_grab,adversary,5,24,60,240,21,19,1,1,0,0,0.0,5,0,0,94,3,True,0.7916666666666666,0.2631578947368421,0.0,0.0
full_hardening,smash_and_grab,adversary,5,24,60,240,13,10,0,0,6,2,0.0,5,3,1,72,2,True,0.4166666666666667,0.5,0.3333333333333333,0.004166666666666667
baseline_open,authorized_red_team,benign_authorized_confound,5,24,60,120,6,6,1,1,0,0,0.0,0,0,0,53,2,True,0.25,0.0,0.0,0.0
airgap_core,authorized_red_team,benign_authorized_confound,5,24,60,122,13,11,8,6,6,1,12.0,1,0,0,31,7,True,0.4583333333333333,0.09090909090909091,0.16666666666666666,0.0
cleanroom,authorized_red_team,benign_authorized_confound,5,24,60,120,6,6,1,1,0,0,0.0,0,0,0,53,2,True,0.25,0.0,0.0,0.0
full_hardening,authorized_red_team,benign_authorized_confound,5,24,60,122,16,10,4,1,6,2,0.0,2,3,3,34,7,True,0.4166666666666667,0.2,0.3333333333333333,0.02459016393442623
baseline_open,opportunist_phisher,adversary,6,24,60,240,19,19,1,1,0,0,0.0,8,0,0,98,0,True,0.7916666666666666,0.42105263157894735,0.0,0.0
airgap_core,opportunist_phisher,adversary,6,24,60,216,16,16,0,0,6,0,0.0,9,0,0,125,2,True,0.6666666666666666,0.5625,0.0,0.0
cleanroom,opportunist_phisher,adversary,6,24,60,240,19,19,1,1,0,0,0.0,8,0,0,98,0,True,0.7916666666666666,0.42105263157894735,0.0,0.0
full_hardening,opportunist_phisher,adversary,6,24,60,214,17,14,0,0,6,0,0.0,9,3,3,128,2,True,0.5833333333333334,0.6428571428571429,0.0,0.014018691588785047
baseline_open,patient_recruiter,adversary,6,24,60,122,13,12,6,3,0,0,0.0,2,0,0,51,14,True,0.5,0.16666666666666666,0.0,0.0
airgap_core,patient_recruiter,adversary,6,24,60,121,13,13,8,5,6,0,0.0,7,0,0,62,1,True,0.5416666666666666,0.5384615384615384,0.0,0.0
cleanroom,patient_recruiter,adversary,6,24,60,122,13,12,6,3,0,0,0.0,2,0,0,51,14,True,0.5,0.16666666666666666,0.0,0.0
full_hardening,patient_recruiter,adversary,6,24,60,123,11,8,4,3,6,0,0.0,1,3,3,63,5,True,0.3333333333333333,0.125,0.0,0.024390243902439025
baseline_open,insider_cultivator,adversary,6,24,60,120,11,11,3,1,0,0,0.0,2,0,0,48,0,True,0.4583333333333333,0.18181818181818182,0.0,0.0
airgap_core,insider_cultivator,adversary,6,24,60,120,9,9,2,1,6,2,0.0,2,0,0,41,0,True,0.375,0.2222222222222222,0.3333333333333333,0.0
cleanroom,insider_cultivator,adversary,6,24,60,120,11,11,3,1,0,0,0.0,2,0,0,48,0,True,0.4583333333333333,0.18181818181818182,0.0,0.0
full_hardening,insider_cultivator,adversary,6,24,60,121,9,7,2,1,6,1,0.0,1,3,2,41,0,True,0.2916666666666667,0.14285714285714285,0.16666666666666666,0.01652892561983471
baseline_open,signals_specialist,adversary,6,24,60,120,20,7,0,0,0,0,78.0,5,0,0,54,1,True,0.2916666666666667,0.7142857142857143,0.0,0.0
airgap_core,signals_specialist,adversary,6,24,60,120,10,6,0,0,6,0,24.0,2,0,0,63,2,True,0.25,0.3333333333333333,0.0,0.0
cleanroom,signals_specialist,adversary,6,24,60,120,16,5,0,0,0,0,0.0,4,0,0,55,1,True,0.20833333333333334,0.8,0.0,0.0
full_hardening,signals_specialist,adversary,6,24,60,120,11,5,0,0,6,0,0.0,1,3,1,64,2,True,0.20833333333333334,0.2,0.0,0.008333333333333333
baseline_open,smash_and_grab,adversary,6,24,60,240,15,14,0,0,0,0,6.0,9,0,0,110,2,True,0.5833333333333334,0.6428571428571429,0.0,0.0
airgap_core,smash_and_grab,adversary,6,24,60,240,17,15,1,1,6,4,12.0,11,0,0,89,2,True,0.625,0.7333333333333333,0.6666666666666666,0.0
cleanroom,smash_and_grab,adversary,6,24,60,240,15,14,0,0,0,0,0.0,9,0,0,110,2,True,0.5833333333333334,0.6428571428571429,0.0,0.0
full_hardening,smash_and_grab,adversary,6,24,60,240,11,8,0,0,6,1,0.0,5,3,1,85,3,True,0.3333333333333333,0.625,0.16666666666666666,0.004166666666666667
baseline_open,authorized_red_team,benign_authorized_confound,6,24,60,123,12,10,6,5,0,0,12.0,2,0,0,55,9,True,0.4166666666666667,0.2,0.0,0.0
airgap_core,authorized_red_team,benign_authorized_confound,6,24,60,121,13,12,5,2,6,3,6.0,3,0,0,55,9,True,0.5,0.25,0.5,0.0
cleanroom,authorized_red_team,benign_authorized_confound,6,24,60,123,12,10,6,5,0,0,0.0,2,0,0,55,9,True,0.4166666666666667,0.2,0.0,0.0
full_hardening,authorized_red_team,benign_authorized_confound,6,24,60,121,13,10,3,2,6,3,0.0,3,3,2,56,9,True,0.4166666666666667,0.3,0.5,0.01652892561983471
baseline_open,opportunist_phisher,adversary,7,24,60,240,16,16,1,1,0,0,0.0,8,0,0,85,2,True,0.6666666666666666,0.5,0.0,0.0
airgap_core,opportunist_phisher,adversary,7,24,60,221,16,16,0,0,6,0,0.0,7,0,0,98,1,True,0.6666666666666666,0.4375,0.0,0.0
cleanroom,opportunist_phisher,adversary,7,24,60,240,17,17,1,1,0,0,0.0,6,0,0,90,2,True,0.7083333333333334,0.35294117647058826,0.0,0.0
full_hardening,opportunist_phisher,adversary,7,24,60,203,16,13,0,0,6,0,0.0,6,3,3,89,1,True,0.5416666666666666,0.46153846153846156,0.0,0.014778325123152709
baseline_open,patient_recruiter,adversary,7,24,60,120,12,12,6,2,0,0,0.0,3,0,0,43,0,True,0.5,0.25,0.0,0.0
airgap_core,patient_recruiter,adversary,7,24,60,122,9,9,6,4,6,0,0.0,4,0,0,65,10,True,0.375,0.4444444444444444,0.0,0.0
cleanroom,patient_recruiter,adversary,7,24,60,120,12,12,6,2,0,0,0.0,3,0,0,43,0,True,0.5,0.25,0.0,0.0
full_hardening,patient_recruiter,adversary,7,24,60,123,10,7,5,4,6,0,0.0,3,3,3,64,10,True,0.2916666666666667,0.42857142857142855,0.0,0.024390243902439025
baseline_open,insider_cultivator,adversary,7,24,60,121,10,9,2,2,0,0,6.0,2,0,0,48,1,True,0.375,0.2222222222222222,0.0,0.0
airgap_core,insider_cultivator,adversary,7,24,60,120,9,9,3,3,6,1,0.0,0,0,0,33,1,True,0.375,0.0,0.16666666666666666,0.0
cleanroom,insider_cultivator,adversary,7,24,60,121,10,9,2,2,0,0,0.0,2,0,0,48,1,True,0.375,0.2222222222222222,0.0,0.0
full_hardening,insider_cultivator,adversary,7,24,60,121,10,7,2,2,6,0,0.0,0,3,3,34,1,True,0.2916666666666667,0.0,0.0,0.024793388429752067
baseline_open,signals_specialist,adversary,7,24,60,120,14,5,1,1,0,0,54.0,1,0,0,40,3,True,0.20833333333333334,0.2,0.0,0.0
airgap_core,signals_specialist,adversary,7,24,60,120,18,6,1,1,6,0,72.0,2,0,0,46,0,True,0.25,0.3333333333333333,0.0,0.0
cleanroom,signals_specialist,adversary,7,24,60,120,13,5,1,1,0,0,0.0,1,0,0,40,3,True,0.20833333333333334,0.2,0.0,0.0
full_hardening,signals_specialist,adversary,7,24,60,122,20,5,1,1,6,0,0.0,1,3,2,46,0,True,0.20833333333333334,0.2,0.0,0.01639344262295082
baseline_open,smash_and_grab,adversary,7,24,60,239,25,21,3,1,0,0,24.0,11,0,0,105,0,True,0.875,0.5238095238095238,0.0,0.0
airgap_core,smash_and_grab,adversary,7,24,60,240,24,21,3,1,6,6,18.0,8,0,0,90,0,True,0.875,0.38095238095238093,1.0,0.0
cleanroom,smash_and_grab,adversary,7,24,60,239,25,21,3,1,0,0,0.0,11,0,0,105,0,True,0.875,0.5238095238095238,0.0,0.0
full_hardening,smash_and_grab,adversary,7,24,60,241,20,14,1,1,6,5,0.0,5,3,3,76,0,True,0.5833333333333334,0.35714285714285715,0.8333333333333334,0.012448132780082987
baseline_open,authorized_red_team,benign_authorized_confound,7,24,60,120,10,9,1,1,0,0,6.0,1,0,0,37,0,True,0.375,0.1111111111111111,0.0,0.0
airgap_core,authorized_red_team,benign_authorized_confound,7,24,60,120,11,9,1,1,6,0,12.0,1,0,0,25,0,True,0.375,0.1111111111111111,0.0,0.0
cleanroom,authorized_red_team,benign_authorized_confound,7,24,60,120,10,9,1,1,0,0,0.0,1,0,0,37,0,True,0.375,0.1111111111111111,0.0,0.0
full_hardening,authorized_red_team,benign_authorized_confound,7,24,60,120,11,9,1,1,6,0,0.0,1,3,0,25,0,True,0.375,0.1111111111111111,0.0,0.0
